{
  "title": "Introducing Arcade",
  "subtitle": "By GitBook",
  "description": "Embed interactive product demos in your documentation and turn all users into power users.",
  "image": "https://framerusercontent.com/images/FS1of0gxF0A6UP7GmCpIBKQM.png",
  "link": "https://app.gitbook.com/integrations/arcade",
  "secondaryImage": "https://framerusercontent.com/images/JwSD9igebl5YjP1p0XBssmuRU4.png",
  "sections": [
    {
      "type": "heading",
      "text": "Overview"
    },
    {
      "type": "paragraph",
      "text": "Arcade lets you create interactive product demos in minutes and turn all users into power users. Let users experience your product through interactive, guided demos. No more pausing and rewinding, users can progress at their own pace. This integration allows you to embed Arcade interactive demos into your GitBook documentation."
    },
    {
      "type":"paragraph",
      "text":"Arcade is a powerful tool for creating interactive product demos. It allows you to create a series of interactive steps that guide users through your product. You can embed these interactive demos directly into your GitBook documentation, making it easy for users to learn how to use your product."
    }
    ,
    {
      "type": "image",
      "url": "https://framerusercontent.com/images/JwSD9igebl5YjP1p0XBssmuRU4.png",
      "alt": "An overview of Arcade features"
    },
    {
      "type": "heading",
      "text": "How it works"
    },
    {
      "type": "paragraph",
      "text": "Embedding an Arcade flow in your documentation is simple - just paste an Arcade flow link into the GitBook editor. The app will turn the link into an Arcade embed showing your recorded demo."
    },
    {
      "type": "list",
      "items": [
        "Simple integration with GitBook",
        "User-friendly interactive demos",
        "Customizable demo flows"
      ]
    },
    {
      "type": "link",
      "href": "https://example.com/more-info",
      "text": "Find out more here"
    },
    {
      "type": "blockquote",
      "text": "Arcade has revolutionized the way we provide user documentation."
    },
    {
      "type": "heading",
      "text": "Get started"
    },
    {
      "type": "paragraph",
      "text": "To get started with Arcade, you'll need to create an account and record your first demo. Once you've recorded your demo, you can embed it into your GitBook documentation."
    },
    
    {
      "type":"video",
      "src":"https://cdn.arcade.software/web-assets/metrics.mp4"
    }
    
    ,
    {
      "type": "code",
      "code": "npm install arcade"
    },
    {
      "type": "code",
      "code": "console.log('Hello, Arcade!');"
    },
    {
      "type": "video",
      "src": "https://cdn.arcade.software/web-assets/edit.mp4"
    },
    {
      "type": "iframe",
      "src": "https://example.com/interactive-demo"
    },
    {
      "type": "heading",
      "text": "Configure"
    },
    {
      "type": "paragraph",
      "text": "To install on a single space navigate to integrations in sub-navigation. If you prefer to install the Arcade integration on multiple or all spaces, navigate to your organization settings and enable it from the integrations panel. This will give you access to the custom arcade block."
    }
  ]
}
